no	text	label
1	"Klo fadli zon goblok, boleeeh? "	CB
2	"@detikcom Jangan nyinyirin pak fadli zon, dia gitu2 punya prestasi mecahin rekor muri batu akik..hehe "	CB
3	"@ahmadwaluy @bravo1282 @fadlizon Kritik siapa bisa di penjara? Fadli zon? Kritik presiden aja dia ga di penjara. Zon kerja buat rakyat mas, kalah ama pelacur. Pelacur di katain pelacur aja ga marah mas. "	CB
4	" @fadlizon @jokowi Hati penuh dendam,  pikiran selalu negatif, mata hati tertutup yg dilihat selalu agak kurang tepat, saya melihat wajar atas penglihatan pak son. "	CB
5	"@fadlizon @jokowi Kerja anda apa zon bisanya cuma nyinyi r aja, semoga masyarakat indonesia untk berikutnya tdk memilih org yg bisanya nyinyir "	CB
6	@fadlizon Fadli zon wakil rakyat bento otaknya udah rusak 	CB
7	@Yayan_Anjasmara @fadlizon @jokowi Klau tong kosong kan gtu asal bunyi 	CB
8	@fadlizon Koq gak pak fadli zon yg maju?? Kan bapak hebat soal kritik 	CB
9	@fadlizon @jokowi Memory terisisi aplikasi kritikan atau cemoohan nyinyirin @jokowi 	CB
10	"@MataNajwa @fadlizon @TRANS7 Fadli Zon bukan mengkritik,tapi mulut rombengan alias nyablak mulu "	CB
11	@chicohakim @fadlizon Si wowo aja bilang klu fadli zon itu sering bìcara ngawur krn bloonx  sehingga sulit utk dia kendalikan 	CB
12	"Gua rasa sih vicky parsetyo sama fadli zon itu sodaraan ya,, otaknya sama sama geser "	CB
13	"@fadlizon udah duet aja dr pd kalah lagi, kan malu "	CB
14	Fadli Zon ngomong kyk kentut. 	CB
15	@fadlizon @jokowi @INFOBNN Mulutmu omong kosong. Tolong kecilin perutmu dulu jgn jd kegemukan makan uang rakyat di DPR. 	CB
16	@fadlizon @INFOBNN Pesan khusus buat zonk 	CB
17	"@dulatips masa fahri disamain fadli zon, penghinaan ini! ?? "	CB
18	"@fadlizon @jokowi WAKIL KETUA DPR KOK BISANYA CUMA NGOCEH DI TWITTER, KASIH MASUKAN KE PEMERINTAH GIMANA YANG SEHARUSNYA SUPAYA LEBIH BAIK. MULUT ENTE ITU MEWAKILI JUTAAN MASYARAKAT INDONESIA, MANFAATIN YANG BENER DONG JANGAN CUMA NGOMONG SAMPAH MULU.  KLO CUMA NGOCEH DI TWITTER GW JUGA BISA "	CB
19	"@fadlizon Jangan,jangan...orang gila nya ciptaan kalian. "	CB
20	@fadlizon @jokowi Karena kebiasaan nyinyir jadi otaknya tdk dipakai mikiiiiiiiirrrrr!! 	CB
21	@fadlizon Pk fadli saya pingin bgt mnampar mulut kamu. Bibir pk fadli kayak jamban saya pingin buang air besar d mulut pk fadli yg suka nyinyir itu. Fadli zon jancok 	CB
22	"@detikcom Mungkin perlu dicoba, biar bisa tahu apa kinerjanya sebanding dgn nyinyirnya. Mungkin2 belum setahun Fadli Zon udah dipecat krn lebih sibuk ngomong dan adu ribut dgn sesama menteri drpd kerja "	CB
23	Om @jokowi  koq CEMEN gitu sih.  Apa krn gub DKI nya @aniesbaswedan bukan @basuki_btp lalu msh DENDAM??... om @imam_nahrawi  knp ikutan jd CEMEN. Piye toh.. jd PEMIMPIN koq KERDIL banget hatinya. Busuk banget KALIAN. 	CB
24	Gimana kamu aja deh Zon  Kamu mah selalu suudzon  Termasuk pada presiden yang berusaha mempercepat pertumbuhan	CB
25	@detikcom Menurut saya Fadli Zon ini punya otak jongkok alias ZOOnkkkk!! Terus kenapa juga media menanyakan dan mewawancarai dia ttg ini!!!! Ga nyambung banget!!! 	CB
26	 @fadlizon @jokowi Aneh seorang yg logikanya tolol bisa jd anggota dewan. Terkadang malaikat sudah cape dalam mencatat kedengkian yg di akibatkan si zon. Oposisi ok goblog jangan 	CB
27	@RinjaniJB @John_Nelwan hasinya di umumkan ke seluruh dunia biar segala mahluk di dunia tau bahwa yg lebih berkualitas itu ibu Sri mulyani jauh sekali jika di banding dengan di tukang nyinyir FADLI ZON 	CB
28	@fadlizon Sirik mulu kerjanya 	CB
29	@jokowi Walaupun fahri hamza fadli zon dan amin rais nyinyir terus karna iri hati dengki cemburu ABAIKAN SAJA TRIO MULUT COMBERAN INI mereka manusia yg belum ada prestasinya untuk bangsa dan negara 	CB
30	"Heran, orang hobi nyinyir kaya Fadli Zon kok bisa jadi wakil ketua DPR? "	CB
31	Fadli ZON bacot banget. Dasar primitif 	CB
32	"Sumpek banget dengerin fadli zon ngomong, hiihhh "	CB
33	Wkwk lucu nih Bang Fadli Zon di mata najwa. Baik sangka: husnudzon Buruk sangka: suudzon Selalu mengkritik tapi gamau dikritik: Fadlizon 	CB
34	"Capres Alternatif 2019 Fahri Hamzah - Fadli Zon, siap membawa perubahan menuju Indonesia baru yg bersih bebas korupsi, sejahtera rakuatnya. jangan lupa 2019 duet FAHRI ZONK "	CB
35	@kompascom lah fadli zon juga tak layak jd wakil ketua dpr.. 	CB
36	@RustamIbrahim @yohanespatih Itu pun masih saja Fadli Zon nyinyir!!!???? 	CB
37	"Sampai kapanpun, sebelum Prabowo berkuasa Fadli Zon tidak akan pernah berhenti ngebacot sampai dower. bahkan jika pun Prabowo menjadi penguasa, bacot Fadli Zon akan semakin meraja lela. sebaiknya memang Fadli zon harus ditendang keluar dari DPR!! "	CB
38	Fadli Zon memang bangsat. 	CB
39	"@fadlizon fikiran fadli zon masih primitif, kampungan… gak usah suudzon laah "	CB
40	"@fadlizon Hehehe, klo tidak nyinyir bukan Fadli Zon namanya "	CB
41	"@Fahrihamzah Wakil rakyat yg kerjanya cuma nyinyir,  makan gaji buta,  prestasi nol,  itulah kalian, fahri hamzah dan Fadli zon.  Dua kutu busuk DPR! "	CB
42	"ngapain nyaksikan kecoak fadli zon dan kolega DPR (Dewan Penipu Rakyat) nya, mending nonton kick andy ?? "	CB
43	@lidya_hoki @fadlizon Alhamdulillah.... semoga rizieq di masukkan ke kandang kuda dan fadli zon segera mundur. Kapan lagi dpr bebas dri orang bodoh 	CB
44	Wasekjen demokrat nyinyir jokowi  Fadli zon jg nyiyir pak jokowi  Fahri hamzah berpeluang untuk duduk di demokrat / gerindra. Fahri pilih mana?? 	CB
45	"Melatih kesabaran itu dimulai dari ketika melihat berita pak fadli zon dan pak fahri hamzah, tangannya ga gatel buat nulis komen.. beraaatt, tp harus sabar.. sabar.. "	CB
46	"@dans_dst Rakyat kecil pasrah aja, kan pemeran utamanya, fadli zon, fahri hamzah ama sa arief konyol itu. "	CB
47	@fadlizon BANYAK BERBICARA + TIDAK ADA TINDAKAN = PAK FADLI ZON 	CB
48	@Fahrihamzah Fahri hamzah + @Fadli zon = Sampah dunia 	CB
49	@fadlizon Berpihak pd rakyat itu kan cuman buku n faktanya mana pk Fadli Zon yg terhormat. Rakyat yg mana dipihak pk Fadli Zon. 	CB
50	"Mari cerdas memilih pemimpin dan wakil rakyat Hindari tong kosong nyaring bunyinya #fahri Hamzah, Fadli Zon dkk. "	CB
51	@Fahrihamzah Fahri Hamzah + Fadli Zon = Radio rusak (??????????) 	CB
52	"@Fahrihamzah Pah fahri, sama pak fadli zon di ruqyah pak. Biar setannya tobat, bapak- bapak sekalian yg pergi."	CB
53	@fadlizon @jokowi Nyinyir trus..! Kan jg sdh ketangkap para pelaku 	CB
54	@fadlizon @YouTube @Gerindra Fadli zon anjing 	CB
55	@fadlizon @jokowi tuh bnn sibuk basmi.. bikin UU yg permudah kinerja mereka lah pak..ngeluh mulu..bisa bikin UU buat perbaikin negeri malah ngelah ngeluh..malu sama jabatan pak 	CB
56	@jokowi Bapak president terhormat jangan asik berkunjung kerja atau lengah di belakang bapak banyak orang yg ingin menjatuhkan kan bapak kalau saya sebelum terlambat.  Fadli Zon dan Fahri Hamzah di pecat agar negara kita aman dari penghianat 	CB
57	Tiba2 takut sendiri bayangin fadli zon keluar dari lobang wastafel cuci piring. ?? 	CB
58	"@Gerindra Iya bro... bukan bagiannya si mimin Gerindra jawab begituan @salendra18 . Coba ente tanya yang jadi bagiannya Gerindra dong. Misal, ini misal nih. Fadli Zon kena azab kapan ? Kemungkinan, ini mungkin nih si mimin Gerindra bisa jawab. @anandyalina "	CB
59	@Aditya53382229 @CNNIndonesia @fadlizon Ngatain fadli zon jangan ngomong sampah. Tapi mulutnya kayak sampah Kalian berdua itu sama saja 	CB
60	"udah , udah buka simpel, udah cek tagihannya berapa aku mau sleding ubun-ubun fadli zon aja "	CB
61	@CNNIndonesia fadli zon juaranya ngarang bebas 	CB
62	"@fadlizon Kalo pak fadli zon tentu kayak kekanak2an, masalah kecil digede2 in. Itu piala presiden apa gubernur? "	CB
63	"@fadlizon @jokowi @INFOBNN Ngetweet sekali saja  , ngetweet berkali kali malah seperti buang sampah sembarangan :D "	CB
64	@ezkisuyanto Tapi anggota Dpr yg terhormat pak @Fahrihamzah dan Fadli Zon gak paham ya soal ini? Apa mgkn mereka tidak tau persija punya siapa? 	CB
65	@alionathan1 @putri_teratai76 @fadlizon Fadli Zon dan Fahri hamzah Cocoknya dimasukkan ke dalam karung goni 	CB
66	"gue tahu nama fadli zon gara2 baca majalah horison, dulu sih respek setelah tahu orangnya malah jadi kaga pemikirannya apa sih? gue sih tahunya cuma kolektor norak, sejarahwan nanggung, dan penyair gagal "	CB
67	"Ketika mbak2 marah2 ke bapak2 di jalan gara- gara bapaknya belok ga pake lampu sein tapi kemudian mbaknya juga belok ga pake lampu sein, berarti virus Fadli Zon telah menyebar ke berbagai lapisan masyarakat "	CB
68	@fadlizon Harus di tanya ke fadli zon emang gak ada hobi lain selain ngerumpiin presiden. 	CB
69	@fadlizon Fadli Zon satu periode di DPR RI rakyat JANGAN  pilih manusia penyebar isu SARA 	CB
70	@tempodotco @tempometro Ahok...  Kalo ente keluar penjara. Jaga mulut yee. Tuh rizieq terkam ente lg kl nyocos kayak fadli zon. 	CB
71	@HariadiSimamora @TWardanny @fadlizon @Gerindra @prabowo Fadli zon suruh jadi mentri kebersihan . Kebersihan bibir yg bau comberan ya bang. 	CB
72	@fadlizon @jokowi Klo ga ada tuannya udh mati semua kita generasi muda tp nyatanya ketangkep smua itu pak dan bpk jgn selalu mencari kesalahan malu sama kopiah yg bpk pake salam 2periode 	CB
73	"@detikcom Ngelihat wajah Fadli Zon, seperti melihat boneka yg lagi ditampilkan oleh si boss.. tatapan mata kosong, ekspresi datar "	CB
74	Yg cocok bikin kementrian baru khusus bwt fadli zon… MENKOMFITPRO : Menteri Komunikasi Fitnah dan Provokasi.. wakak… 	CB
75	@fadlizon @prabowo @Gerindra Klw menang ibu negaranya siapa ya ?? Fadli zon cocok pakai kebaya broo ???? 	CB
76	@NajwaShihab Mba @NajwaShihab lain kali Narasumbernya jangan itu2 saja mba..agak membosankan melihat fadli zon 	CB
77	Klo Fadli Zon dikeroyok orang 1 gedung kira2 gimana? 	CB
78	@fadlizon @jokowi leluasa....? Kok ketangkep....? Bego gak sembuh2 yak.... 	CB
79	@J_Aryoko @NdaruTejowati @boz92fatah @evndari @fadlizon @jokowi Mana dia ngerti itu pak dia org FZ = goblok + oon 	CB
80	@fadlizon @jokowi @INFOBNN begitu juga MULUT PARLEMEN KW JALANAN adalah OMONG KOSONG bicara tentang BERSIH DIRI jika ANGGOTA nya ada yang menjadi BAGIAN hal yang KOTOR 	CB
81	@fadlizon @KabarFZ Satu2nya jalan untuk menyelamatkan partai @Gerindra di 2019 agar stabil perolehan  suaranya . Tendang jauh2 neh Badut !!! 	CB
82	" @NdaruTejowati @boz92fatah @evndari @fadlizon @jokowi tugas dpr ya mengkritik,  harus bnyak bicara,  bukan hanya plangak plongok ngak jelas, "	CB
83	"Sukses Anggun adalah sukses Indonesia. Tpi jgn bilang2 sama 2F, fahri zon dan fadli hamzah tar dinyinyirin.. @YuYemElek01 @AmbarwatiRexy"	CB
84	 @fadlizon @jokowi Itu ditangkep berton2 loe gak liat di Teve n di Koran Zonk ? Buta mata Buta hati yuah ente !!! 	CB
85	"Bung @fadlizon yang terhormat,dari pada anda ngomongin soal kinerja pak @jokowi ,bagaimana kalo anda tunjukkan prestasi anda sendiri ke rakyat?mana tau setelah pak @jokowi 2 periode,anda bisa dicalonkan jd presiden "	CB
86	@fadlizon asal ngomong 	CB
87	@tribunnews banyak penyelundupan tertangkap karena adanya penjaga negeri..bagaimana sih pola pikir @fadlizon ... harus berguru dengan @susipudjiastuti dan pak budi waseso nih.. 	CB
88	@ristechglobal @fadlizon @jokowi sikat… sikat.... bikin @fadlizon  kisinan ?????? 	CB
89	@fadlizon @jokowi Elu kagak bisa nyinyir zon kalau yg bawa sabu berton2 itu kagak ketangkep.. zon gak makan kalau gak nyinyir.. 	CB
90	@fadlizon @jokowi Mulut coberan bisa nya cuma nyinyir lu pasti nggak akan laku lagi di 2019!lu bakalan balik lagi jadi tukang cuci! 	CB
91	@fadlizon @jokowi @INFOBNN eh sebuah prestasi kinerja kok ya masih di nyinyiri mending LIHAT di DALAM PARTAImu apa SUDAH TIDAK ADA LAGI PENGEDAR sperti ANGGOTA DPR yang TERTANGKAP di BALI 	CB
92	@fadlizon @jokowi Kasihan ini fz seperti tong kosong gak ada prestasi. Kok bisa org spt ini duduk di DPR 	CB
93	"@fadlizon @jokowi Sblm ngetwit ngaca diri dulu, mmg kerja lu apa selama ini buat rakyat? Muak tau! "	CB
94	"@fadlizon @pakdetobat @jokowi Menggonggong lah pada tempatnya bukan di sosial media. sebagai wakil rakyat, dng undang2 kalian kami beri otoritas untuk mengawasi Pemerintah. sangat besar kekuasaan yg kami berikan pada kalian. Bahkan hak memberhentikan presiden pun kalian punya. "	CB
95	@fadlizon @jokowi Karena tuan2 terhornat di dewan sibuk urus undang2 kekebalan baru jadi tuli dan buta? 	CB
96	"@fadlizon @jokowi Siapa yg bilang leluasa ZONO...., penjaga negri sudah bekerja dengan baik dengan menangkap mereka tanpa banyak nyinyir di medsos… "	CB
97	"@fadlizon @jokowi Saatnya bro,,, copot Jaksa Agungnya biar diganti dari kalangan Profesional bukan dari orang Parpol "	CB
98	@fadlizon @jokowi Kalau dlm hatinya tertananm kedengkian dan teracuni keirian maka yg keluar dr mulutnya adalah sampah yg tak bermakna...  Semoga Tuhan memberi sedikit rasa murahnya utk memberi hidayah kpd @fadlizon 	CB
99	"@fadlizon @jokowi @fadlizon lupa prnh kritik kinerja bu @susipudjiastuti  #DRUG yg msuk bisa ketngkp krn rptnya pengamanan kelautan kita, apa anda benar- benar pikun? "	CB
100	"@fadlizon @jokowi Kalo Negeri ga ada penjaga, ga mungkin ketangkap Narkoba berton-ton itu mas bro… Gimana sih alur berpikir anda mas bro ? Masa anda lupa perintah boss sendiri… BOLEH BENCI ASAL SANTUN… "	CB
101	@fadlizon @jokowi Urat malunya dh putus 	CB
102	"@fadlizon @jokowi Gue fans berat prabowo,  tp org satu ini bikin gue sebel, dasar kampreeet.... "	CB
103	" @Fahrihamzah Satu hal yang saya salut dari @Fahrihamzah , biar di bully tidak ngblock seperti Si Gendoet Fadli Zon "	CB
104	@fadlizon Pengecut lu 	CB
105	@fadlizon @jokowi Inilah contoh orang yg punya mata tp kagak bisa ngelihat.. 	CB
106	@NdaruTejowati @fadlizon @jokowi Harusnya kita bangga krn jauh lbh hebat..... narkoba kan Dr negara lain transit dr bandara 1 ke bandara yg lain otomatis di bandara dpriksa knp bs lolos ga trdeteksi tp disini kecium n trtahan..apa ga hebat Negri INI?... mikir secara rasional dong om zonk 	CB
107	"@fadlizon @jokowi dasar DAKOCAN!! sang penerima award akik, junjunganmu nggak akan menang, salam DAIA ???? "	CB
108	@liputan6dotcom Ane ikut sambut imam besar habib rizieq syihab di bandara soetta. Ane akan koordinir pasukan gagal kelamin dari dukungan fadli zon dan fahri hamzah sbnyk 7juta ekor onta. 	CB
109	@fadlizon @jokowi logika para kecebong ke balik.. jika negeri ini aman dr bahaya narkoba tentu tu narkoba china dll g berani masuk karena keamanan yg ketat..nah skrg dibalik ama tuh cebong berhasil nangkap pengedar. bandar berarti sukses.. otak dikodokin kek gini.bikin sandiwara aja kek gitu 	CB
110	@eae18 @fadlizon @jokowi Waduh parah amat Presiden.saja tukang bohong. Apalagi Menteri/ pembantunya. Jangan salahkan kalau rakyat ikut bohong 	CB
111	"@fadlizon @jokowi Krn DPR nya seperti anda, tidak berkualitas "	CB
112	@fadlizon @jokowi La sampeyan fadli zon yg terhormat. Dimana fungsi anda sebagai wakil rakyat? Bikin RUU khusus penanganan bandar dan pengedar narkoba bersama wakil rakyat lain nya ajukan ke presiden. Saya rasa rakyat malah lebih setuju dengan cara seperti itu. Jangan malah UUMD3 sampeyan deal kan 	CB
113	@fadlizon @jokowi Buat pak @prabowo  tolong jangan di piara orang macam @fadlizon bisa bahaya buat reputasi pak @prabowo 	CB
114	@fadlizon @jokowi Kata2nya seperti organisme yg gagal berevolusi 	CB
115	"@fadlizon @jokowi Goblok, gak mikir lo ye, makin lo nyinyir gak pke otak kaya gni, makin eneg orang liat muke lo! Tolol "	CB
116	"Mau nanya pak, prestasi @fadlizon itu apa sih selama duduk di DPR-RI? serius nih "	CB
117	@fadlizon @jokowi Haduuuuh cape deeeech… Sama ni orang… 	CB
118	"itulah @fadlizon, ribut tanpa solusi, memang ini negaranya pak Prabowo dan Gerindra saja..? "	CB
119	"@fadlizon @jokowi Lha yg jualan kan anggota mu sendiri Zon, pikun apa lali kau ini Zon??? "	CB
120	@OrlandoRamlee @fadlizon Orang gilanyan jomblo sampai skrng ya?? wkwkwkkw 	CB
121	@fadlizon @jokowi Lebih ganteng pakai baju “orenge” deh km pak @fadlizon serius. 	CB
122	@fadlizon @jokowi Coba anda yg jd presiden … ngimpi kaliiii 	CB
123	@fadlizon Yg paling berkepentingan pakai jasa orang gila itu kan Koalisi KaMPret perusak NKRI untuk fitnah2 pemerintahan!! 	CB
124	 @fadlizon @jokowi serang… seranggg terusss… komentarmu ga jelas… fakta narkoba ketangkep aja tetep negatip nyinyirmu.. 	CB
125	@fadlizon @jokowi Ini lah wkil ketua dpr yg pikiran nya cetek slalu menjelek2an pemerintah.. Semacam kaya kampanye aja.. 	CB
126	@fadlizon @jokowi Ini wakil rakyat mewakili siapa ya..twiitnya bkn spt WNI sejati.... 	CB
127	@fadlizon @jokowi Bapak tau dari mana klo berton2? Oohh karena ditangkap yah?? Berarti gak leluasa donk! Berarti ada penjaga negeri ini! *Bececeran otaknya* 	CB
128	"@fadlizon @jokowi Bahasa begini kog ""Wakil Rakyat"" ,Sebenarnya siapa yg anda wakilkan pak ???  Bpk spt Narkoba ,harus di jaga penyebarannya di negara ini.Agar Tidak leluasa hancurkan generasi. "	CB
129	@fadlizon @jokowi Kasihan nih orng... semua followernya membully... bnyk follower tp semuanya Haters... sadar zon.... 90% follower kaku tdk suka sama kelakuanmu… 	CB
130	@fadlizon Hanya di jaman ini orang gila punya wakil di senayan 	CB
131	@fadlizon @jokowi Anda tau dari mana masuk dengan leluasa??? Ndk tau yg buta itu anda atau sirik anda yg membuat buta . Nyata2 ada bukti nyata 2x penangkapan yg nilaix lebih triliunan . Itu yg nangkap anda kah???? Hadeehhh .. sbnrnya males koment tweet anda . Tapi gatel gue dengan logika lo zonk 	CB
132	@fadlizon @jokowi Apa saja yg dilakukan di negeri ini pasti @jokowi  yg salah bagi @fadlizon  kebencian sudah mendarah daging 	CB
133	"@fadlizon @jokowi Ngomel Mulu kaya emak2, Sgala nyalahin presiden, coba anda yg berantas narkoba donk sekali2 jgn cuma bisa ngomel Mulu… kan anda d gaji ma rakyat jg "	CB
134	"@fadlizon @jokowi SAMPAIKAN ASPIRASI KAMI KE PEMERINTAH, JANGAN CUMA NGEBACOT GA GUNA DI TWITTER. NGETWITT SARKAS, NYINYIR, SUPAYA DIKASIH TEPUK TANGAN PARA OPOSISI, TERUS MERASA BANGGA UDAH JADI WAKIL KETUA DPR "	CB
135	@evndari @fadlizon @jokowi Capek bu ngurusi orang yang buta dan tuli.. Dimatanya hanya pecatan tentara itu yang sempurna 	CB
136	@fadlizon @jokowi Jd tugasmu apa?tidur dn minta di gaji 	CB
137	"@fadlizon @jokowi selalu ada Orang NYINYIR TERUS dalam Hidupnya, BUKANnya BANTU Nyari Solusi, ini Kan NEGARA KITA Bersama!! Memang Selalu Ada yg Dalam Hatinya, Senang ada Musibah dikala pemegang kendali adalah Lawan ”diskusi”, Hoby Cari Kesalahan, dan mengharapkannya, “kategori JAHAT”, hadeeh "	CB
138	@mochamadarip @BiLLRaY_san @RadPlague @DjanChoek @iwan_binjai @BKetrik @timomanullang @ChangeOrg_ID lama lama fadli zon dan fahri hamzah bikin undang undang sendiri dan menghukum kalo ada org yang ngatain dia MONYET 	CB
139	@fadlizon @jokowi Sudah ditangkapkan pak??  Logika berpikirinya dimana sampai anda membuat statement seperti ini 	CB
140	Bangun tidur ga sempat cuci muka makanya kalau ngomong Fadli Zon suka ngawur persis temenya Fahri Hamzah 	CB
141	@fadlizon @jokowi Ayo pak zon trs salahin pak @jokowi lama2 rakyat juga cerdas bagaimana menentukan pilihannya nanti. Semakin banyak nyinyir semakin eneg pula dg anda dan partainya @Gerindra . Salam 2periode 	CB
142	@fadlizon @jokowi Justru ini ada tuannya Pak makanya digagalkan. Kalau gak digagalkan baru gak bertuan. Logikannya dipakai ya Pak jangan asal bunyi. 	CB
143	"@fadlizon @jokowi Haaahhh MUAK, selorohmu gak kwalitas, cerminan pribadi. "	CB
144	"@fadlizon @jokowi Imajinasi tinggi tanpa bukti,,,,, sy khawatir lama lama bapak bisa strock "	CB
145	 @fadlizon Hemmm cuitan orang gk mampu alias iri 	CB
146	@fadlizon Banyak omong + Fadli Zon = Gak pilih Gerindra 	CB
147	@RizkiArmand1 @Mr__Lupus @ustadtengkuzul Lbh baik suudzon drpd fadli zon cin micin ?????? 	CB
148	"@fadlizon @jokowi Kayaknya ini org gak ada kerjaan selain maen twiter, gak rela uang kita gaji manusia seperti ini "	CB
149	@fadlizon @jokowi @INFOBNN Zonk. luh ngomong macam kumur kumur aja ya 	CB
150	Habis nonton mata najwa mikir keras kok bisa fadli zon jd wakil ketua dpr. Mungkin karna skill ngeles dan ngga nyambungnya 	CB
151	'@fadlizon @jokowi Ngeritik ko tiap hari… 	Non_CB
152	@fadlizon @jokowi @INFOBNN Sudah sampai jauh kedesa-desa… 	Non_CB
153	@fadlizon @jokowi Kalau gak ada penjaga tidak mungkin di tangkap pak 	Non_CB
154	@fadlizon @jokowi @INFOBNN Om.. kok 1 juta ton ??. Hayoooi bener gak tuh datanya ?? 	Non_CB
155	@fadlizon @jokowi Pak kan baru jaman sekarang di galakan Brantas narkoba jadi para cukong nya baru ketangkep 	Non_CB
156	@GendonRamsay Gue pengen ngambil bingkai foto fadli zon aja deh. Bakal bangga gak ya 	Non_CB
157	@kompascom Kalau Fadli Zon sendiri ? Anggota DPR Apa ya ??? 	Non_CB
158	@utangmeroket @ustadtengkuzul Fahri hamzah - Fadli zon Mantep nih.. 	Non_CB
159	"Ketika Fadli Zon Kegemarannya adalah Menyinyir Orang, Selamanyakah akan Begitu? "	Non_CB
160	 @fadlizon @jokowi Makin mantab dukung Jokowi kalau cuma dua capres Jokowi dan Prabowo 	Non_CB
161	"@fadlizon @jokowi Bung fadli kan sdh ketangkep sebelum beredar.. hebat dong petugas"" kita.. salut buat BNN dan Bea cukai.. Dan itu gak cuma di indonesia.. di perlukan partisipasi masyarakan luas lah.. "	Non_CB
162	"@cristinnataliag @fadlizon Dia bisa duduk dan bertahan di kursi DPR hingga kini, itulah yg menjdi prestasinya. "	Non_CB
163	"@fadlizon @jokowi Aneh ma orang ini, segitu Udah berapa ton narkoba yg tertangkap, seharusnya bangga dong dengan pemerintahan sekarang, "	Non_CB
164	@fadlizon @jokowi Hehehe. Topik hari ini narkoba nih? Hebat euy si Bapak. Tiap hari ada aja yang dibahas. Jempolan lah. Emang gampang sih Pak ngomingin kelemahan orang. Jelek dicerca. Bagus tak jadi bahan berita. - pandji 	Non_CB
165	@fadlizon @jokowi Justru saat ini ketanggkap jaman dulu pasti bablass makanya banyak yang edan jangan putar balikan ommm  Fiktornya buang jauh jauh biar kepilih lagi 	Non_CB
166	"@fadlizon @jokowi mikirnya dari persepsi positif dong, hanya di jaman jokowi berhasil menggagalkan masuknya narkoba  berton2 Australia kan kmrn juga berhasil menggagalkan. Ini bahaya narkoba mesti kita waspadain pak, bukan dijadikan gorengan tahu bulat dadakan "	Non_CB
167	@boz92fatah @evndari @fadlizon @jokowi Tiap hari kok ngritik teruus Kerjanya di tenaga dan pikiran untuk memajukan Bangsa.. Bukan di Cuitan.. 	Non_CB
168	@fadlizon @jokowi Bangsa Indonesia sedang menghadapi serangan hutang dan narkoba. 	Non_CB
169	"@fadlizon @jokowi justru ada tuannya, di era p jokowi banyak sabu ber ton ton terungkap. justru yg berbahaya yg tidak ketahuan "	Non_CB
170	@fadlizon Knp bukan Om Fadli Zon saja yg maju cawapres 	Non_CB
171	@kompascom Fadli Zon makin gembira ???? 	Non_CB
172	"@kompascom Mendingan Anies di pasangin sama Fadli Zon atau Fachri Hamzah, pasti debatnya lebih seru dan bermutu untuk ditonton, soal milih nampaknya Jokowi masih tetap dapat peluang menang ! "	Non_CB
173	@fadlizon Dukung pak fadli zon sebagai cawapres mendampingi pak Prabowo 	Non_CB
174	"@TetenKustendi @mohmahfudmd Saya sih pengen Prabowo, Kivlan Zen, Fadli Zon, Fahri Hamzah, Amin Rais jadi penonton seumur hidupnya, supaya pemerintah ada penyeimbang, kalaupun boleh,, Aminnn,, dengarkan doaku ini TUHAN... Amin "	Non_CB
175	@fadlizon @jokowi kan bandarnya yg butuh uang banyak untuk mencapai tujuanya . 	Non_CB
176	"@fadlizon @jokowi mau tanya, secara prosedural wakil ketua DPR RI yang ter-hormat punya kewenangan nanganin Narkoba kah ?? "	Non_CB
177	"@fadlizon @jokowi Kalo ke tangkap bagus , kalo ngg ketangkap baru pertanyaan timbul @fadlizon "	Non_CB
178	@fadlizon @jokowi Mbok sadar pak dewan lihat yg sdh dilakukan pemerintah… 	Non_CB
179	@fadlizon @jokowi Penjaga negeri adalah seluruh bangsa Indonesia ! 	Non_CB
180	@fadlizon Hanya Fadli Zon saja anggota DPR. Kok yg lain tdk pernah bersuara 	Non_CB
181	 @GNFI Semua warga Indonesia sangat bangga kecuali bung Fadli Zon 	Non_CB
182	@fadlizon @jokowi @INFOBNN KARENA pengedar NARKOBA hanya akan MENGAMBIL sisi KEUNTUNGAN dari BERBAGAI CELA 	Non_CB
183	" @mohmahfudmd Pak , Satu kata Bapak tentang Fahri hamzah, fadli zon, dan setya novanto kira kira apaya ? "	Non_CB
184	@TeddyMGBasae @rpattya @CintaNKRI12 @fadlizon @jokowi @prabowo @HdrAbdurrahman @pangeran5pesona @rizkigross Maafkn mrk broo yg terlalu polos dlm menyikapi issue politik di tahun pokitik ini 	Non_CB
185	" @fadlizon @jokowi Apakah berita ini sampai keistana,,?? atau mereka juga menikmati hasilnya… "	Non_CB
186	pak fadli zon ini memang idolaaakkkk WKK 	Non_CB
187	 @fadlizon Ass pa fadli zon mohon bpk kasih saran pa jokowi bykin ok oce diseluruh Indonesia kurangin kemiskinan dan pengangguran 	Non_CB
188	 @widyibrahim @fadil__fadil Malu sama folower fadli zon :( 	Non_CB
189	"Ada partai yang bisa lepas dari dinasti keluarga pendiri atau tokoh besar partainya. Gerindra mungkin bisa lepas dari Prabowo, Anaknya Prabowo rasanya ga tertarik politik. Mungkin Fadli Zon jadi ketum berikutnya dengan restu Prabowo "	Non_CB
190	Fadli zon juga sholeh. Kemana-mana pake peci. 	Non_CB
191	 @CNNIndonesia berharap fadli zon yg akan nyapres pasti seru. 	Non_CB
192	Aneh ini orang tidak bisa bedakan hasil kerja bagus  Cerita Kontroversial Fadli Zon Terkait Keberhasilan Menteri Jokowi 	Non_CB
193	Kl mengkritik DPR tdk boleh lbh mundur lagi demokrasi Indonesia kembali kejaman tdk jelas @fadlizon 	Non_CB
194	"@fadlizon Sepakat pak fadli zon… keterlibatan bawaslu dlm membuat isi khotbah justru kita semakin mengkhawatirkan bangsa ini,, apa memang benar membahayakan keberlangsungan kehidupan ummat beragama terganggu "	Non_CB
195	"Dibalik kesuksesan Suami, ada Istri yang selalu mendukung. Bisa jadi… Dibalik Prestasi Menteri Susi dan Menteri Sri Mulyani ada Om Fadli Zon yang selalu mensupport. Bisa jadi… Bisa jadi.... "	Non_CB
196	La pak Fadli Zon drpd memuji hasil kerja seseorang kok malah mengkritik prestasi seseorang yg diakui dunia? Ambivalen pak Zon ini. Di sisi satu mengkritik karena isi di twit ini. Di sisi lain pak Zon jarang memuji prestasi org tsb . Yah jadi nyinyir kan aku 	Non_CB
197	 @KelyombarJoseph @fadlizon Selamat Pak Fadli Zon terus bersuara 	Non_CB
198	"@fadlizon Boleh boleh saja ,tapi kenapa fadli zon tidak mendaftar jadi capres ??? Kurang pede atau bagaimana?( komen saya Ini bukan melanggar uu md 3 kan??) "	Non_CB
199	"Emag knp pak @fadlizon?? Kan lebih bagus lagi, agar polemik selama ini terjawab. Kan mantap jika mereka d sandingkan. Kerja kerja kerja dengan tegas  Fadli Zon: Jangan Sandingkan Prabowo dengan Jokowi, Platformnya Beda "	Non_CB
200	 @kompascom Kami ini kuatir bapak fadli zon kecewa dgn hasil pemilu yang sama untuk kedua kalinya. #maaf 	Non_CB
201	@Metro_TV Prabowo- fadli zon aja keren… wkwkwk 	Non_CB
202	@kompascom Malunya Fadli zon ???? Siapa takut 2019 P Jokowi Pasti Menang. 	Non_CB
203	"Kali ini, banyak orang setuju dengan Fadli Zon. :D "	Non_CB
204	@fadlizon Jokowi lebih dewasa Pak Jokowi gak nanggapin omongan si fadli zon 	Non_CB
205	@kompascom Betul sekali Pak Fadli Zon 	Non_CB
206	"@detikcom Saya respect dg bu Mega, pak Jokowi, pak Prabowo, GusDur, pak SBY, dan tokoh2 bangsa yg lain, termasuk pak Fadli Zon. Mari kita hormati mereka sebagai tokoh yg mendidik bangsa. Jgn termakan isue2 miring tentang beliau, semua ada landasan hukum, tak perlu provokasi "	Non_CB
207	"@osmanovsk @CoyBolon @fadlizon Lah dia kan wakil rajyat dan pak jokowi pimpinan rakyat ,apa ada yg salah dgn pernyataan fadli zon "	Non_CB
208	@liputan6dotcom Fadli zon sama fahri hamzah yg bisa mngalahkan pak jokowi wkwkwkwk… 	Non_CB
209	 @dulatips @EulerLagrange_ Kenapa harus Fadli Zon? 	Non_CB
210	 @PartaiSocmed @Masinton Setuju... Termasuk fahri hamzah dan fadli zon 	Non_CB
211	"@fadlizon Salut buat bang fadli zon, beliau memang oposisi sejati semoga langgeng dg posisinya Amiiiiiinnnnm "	Non_CB
212	Kalo fadli zon jadi menko gimana ya. 	Non_CB
213	@fadlizon Knp bukan Om Fadli Zon saja yg maju cawapres 	Non_CB
214	@fadlizon @jokowi SETUJU ....bahkan RUANG DPR pun LAYAK DI AWASI AGAR TIDAK SEPERTI INI 	Non_CB
215	"@fadlizon @jokowi aneh, ada yang ditangkap petugas kok malah nanya dimana penjaga negeri.... maksudnya @fadlizon apa ya? "	Non_CB
216	@fadlizon NKRI Negara bangsa terbesar di Dunia terdiri dari 714 suku dan Negara Kepulauan juga terancam bubar dgn Sistim Pulitik Ego memainkan SAR4 jual ayat dan Agama yg di mainkan kelompok Polifisi Gerindra PKS PAN dan partai Cangkang ORBA.Isu PKI itu pola Orba (Cendana). 	Non_CB
217	@TeddyMGBasae @Ram_Sormin58 @CintaNKRI12 @fadlizon @jokowi @prabowo @HdrAbdurrahman @pangeran5pesona @rizkigross Setuju. pilihan tetap urusan pribadi.yg penting sya udh menyampaikan.. 	Non_CB
218	@fadlizon @MRahmatM212 @jokowi Pingin denger aja beritanya mereka yg ketangkap itu diproses hukum dan di tembak mati macam Freddy Budiman 	Non_CB
219	@fadlizon @jokowi SETUJUUUUUU......KARENA PENGEDAR NARKOBA AKAN SELALU MENCARI CELAH UNTUK MEMANFAATKAN SEGALA HAL untuk NAFSU KEUNTUNGAN 	Non_CB
220	@fadlizon @jokowi @INFOBNN Seharusnya bpk yg terhormat @fadlizon mendukung penuh kegiatan pak presiden @jokowi demi kemajuan bangsa kt sendiri. Jgn sllu kritik gk jls 	Non_CB
221	@fadlizon @jokowi @INFOBNN Indonesia harus tambah hukuman mati utk pengedar narkoba. Bandar yg ke Filipina pindah ke Indonesia 	Non_CB
222	@sahabatsudirman @DirmanIdaJateng @sudirmansaid @idafauziyah @prabowo @fadlizon @Gerindra @Official_PAN Pagi pak @sudirmansaid Insya Allah kami doakan menang dalam pertarungan Jateng ini @Gerindra @DPP_PKB 	Non_CB
223	"@fadlizon @jokowi Iya semua pasti ada jalannya masing-masing, kita juga tidak akan tau kapan jalan itu akan menghampiri, maka jika kita semua harus berusaha,bukan cuman mentri presiden atau siapapun yang di atas.. Masyarakat pun juga harus mencari solusi.. Mungkin dengan kita tidak mengonsumsinya. "	Non_CB
224	"@fadlizon @jokowi Terimalah sebagai fungsi kontrol. Waspadai.. serangan narkoba (perang candu) sudah dimulai.. tujuannya melemahkan generasi muda, 10 thn lagi kita dapat bonus demografi. Banyak negara lain yg ingin indonesia gagal. Jangan terlena dg apresiasi semu..  "	Non_CB
225	"@fadlizon @jokowi @INFOBNN Hukumannya masih lembek, malah pengguna ditanggung negara/ direhab pake biaya negara. Rehab  itu pakaw dg sah, dosis nya pelan2 diturunkan. Hilang Fredy Budiman (itupun nunggu Puluhan thn baru di eksekusi) Malah muncul Importir Narkoba "	Non_CB
226	"Kita membutuhkan lebih banyak Lagi wakil-wakil rakyat seperti @fadlizon dan @Fahrihamzah Adalah Mereka yang kalau mengkritik Tajam ke atas, lemah lembut kebawa Tetaplah konsisten "	Non_CB
227	@fadlizon @jokowi Bertahun2 kejadian sperti ini sudah terjadi. Namun di era ini petugas negeri tdk mau disogok. Bravo 	Non_CB
228	@fadlizon @jokowi Malah ini prestasi yg Hebat penjaga negeri ini boss...makanya ketangkap kan? Gimana sih cara berpikir bung Fadli??? 	Non_CB
229	@fadlizon @jokowi @INFOBNN setuju DPR juga HARUS BERSIH dari NARKOBA  	Non_CB
230	"@fadlizon tapi @jokowi berhasil menangkap pelakunya. Malah sudah ada yg dihukum mati. @jokowi berani hadapi masalah, dan tidak kabur ke LN "	Non_CB
231	"@fadlizon @jokowi Disyukuri aja dulu bisa tangkap 5 ton..! Tangkap segitu banyak gak mudah. Prestasi buat Pak @jokowi . Bandar narkoba yg sudah berketetapan hukum tembak mati, perlu segera ditembak mati, jangan tunda-2 lagi. "	Non_CB
232	@fadlizon @jokowi @INFOBNN bukan hanya menjaga anak kita dari narkoba pak...tapi dari cara berpakaian juga.. 	Non_CB
233	@fadlizon @jokowi Kalo ketangkep namanya bkn leluasa bos. 	Non_CB
234	@rpattya @Ram_Sormin58 @CintaNKRI12 @fadlizon @jokowi @prabowo @HdrAbdurrahman @pangeran5pesona @rizkigross Kl mslh coblos mencoblos itu hak masing mas.  Kalo saya tetap Setia dgn apa yg saya yakini!  Tetap Bangga Berada di barisan pendukung PRABOWO SUBIANTO. 	Non_CB
235	@fadlizon @jokowi Penyeludup narkoba di tangkap. Lalu muncul berita di media. Anda bertanya dimana penjaga negeri ? Mereka sedang menangkap penyeludup narkoba sehingga muncul berita nya tidak terus terusan main media sosial memberi kritik tidak disertai solusi 	Non_CB
236	"@fadlizon @jokowi @INFOBNN Bukan penyelundupan,,ini bombardir masif buat bunuh genmud negeriku ?????? "	Non_CB
237	@AbdulDikdik @fadlizon Yang terpenting adalah terus bergerak mencapai garis finish meskipun dengan tertatih daripada hanya diam di garis start saat yang lain berlari kencang menuju garis finish 	Non_CB
238	@fadlizon @jokowi Kemana hukuman mati yg dulu di dengung dengungkan??? 	Non_CB
239	"@fadlizon @jokowi @INFOBNN Hebat dong bisa ditangkap , presiden yang dulu memang tidak ada selundupan narkoba atau dibiarkan saja ! "	Non_CB
240	"@fadlizon @jokowi Dari sd sampe sarjana,gw taunya DPR itu sebagai wakil rakyat yang bekerja sama ama presiden dalam membangun negara,nah skrg gw liat dpr vs presiden,kenapa ya?presiden kerja pun disalahkan,untuk kasus narkoba,emangnya tugas presiden melototin kalo2 ada narkoba masuk?pinter dikit"	Non_CB
241	@fadlizon @jokowi Apakah para saudara setuju kalau DPR di bubarkan..gk ada kerja nyata cuma buang buang anggaran negara saja 	Non_CB
242	 @fadlizon @jokowi lho dmn penjaga ny ..kan semua terbukti ketangkap .. kecuali lolos .toh kalo lolos itu yg kosusmsi org2 kaya juga .mana ada org susah seperti kita2 hnya petani peeèeeetani .. 	Non_CB
243	@S0N_2000 @fadlizon @jokowi Anda lepas dari matery dan substansi bahasan yg ada saudaraku @son_2000 .. mari obyektif sedikit saja .. biar tdk lepas dari bahasan yg ada 	Non_CB
244	"@fadlizon @jokowi Keadaan ""reaksi dingin"" sang penjaga may be karena belajar dari sebuah saran yg berkata: jangan lakukan banyak program hanya utk sebuah pencitraan. Jadi daripada dibilang pencitraan lebih baik ""diam"" terima kasih sudah memberikan saran yg baik "	Non_CB
245	@fadlizon @jokowi Kemaren dan beberapa waktu lalu ber ton ton berhasil ditangkap. Negara hadir dan perang lawan narkoba. Itu bukti nyata hasil kerja presiden kita jokowi. Bukan hanya retorika. Salam 2 peiode… 	Non_CB
246	"@evndari @fadlizon @jokowi Lha kan ketangkep?? Koq nanya dmn penjaga ngri? Piye toh?? Itu artinya penjaga negerinya TOP. Hrsnya anda ucapkan slmt bkn malah nanya dmn penjaga negeri. Ato tanya, apkah di pmrntahan sblmnya penjaga negeri bekerja sprti ini ato tidak. Baru dijmn skrg ada sprti ini.. Paham!!! "	Non_CB
247	"@tjahjo_kumolo @Kemendagri_RI @DPR_RI @DPDRI @Fahrihamzah @fadlizon @Dr_AgusHermanto @fahiraidris @mohmahfudmd Dan sesungguhnya manusia adalah SARA sbb secara naluriah manusia akan selalu condong kpd apa2 yg ""serupa"" dgn dirinya. Sekian, terimakasih "	Non_CB
248	@fadlizon @jokowi Yang Penting Sang Penjaga Negeri tidak hanya berkoar2. Penangkapan kmrn adalah aksi nyata. Itu yg hrs didukung. 	Non_CB
249	"@fadlizon @jokowi Sepertinya anda hanya bisa mengkritik... Klo saya mengkritik anda "" Apa yang sudah anda buat untuk kesejahteraan dan keadilan sosial bagi rakyat""? "	Non_CB
250	@Oetaryo7 @fadlizon @jokowi Kalo g ketangkep baru lah ngomong nya gtu om @fadlizon 	Non_CB
251	"@fadlizon @jokowi Zon zonk, @fadlizon Bu @susipudjiastuti mau tenggelamkan kapal yg maling ikan dilautan kita diprotes, pdhl di kapal itu jg biasa bawa narkoba, jd harus gmn? Jgn nyinyir aja ah.. "	Non_CB
252	"@evndari @fadlizon @jokowi Di tes urin semua bu,  utk menjaring dan mengkampanyekan anti narkoba. "	Non_CB
253	@tjahjo_kumolo @Kemendagri_RI @DPR_RI @DPDRI @Fahrihamzah @fadlizon @Dr_AgusHermanto @fahiraidris @mohmahfudmd Ini demi kebaikan kita semua utk mencegah hal2 yg tidak di inginkan terjadi dan tolong jgn anggap remeh saran saya ini saya mohon dgn hormat 	Non_CB
254	"@fadlizon @jokowi Lah Klo ngga bertuan ngga bakalan ketangkep, justru ini lagi di perbaiki kedaulatan NKRI dulu dulu bebas sekarang kapal asing ditenggelamkan.... "	Non_CB
255	"@NdaruTejowati @Aryprasetyo85 @fadlizon @jokowi Kalo tak bertuan, itu buktinya ditangkap. Mending ambil #kaca buat ngaca "	Non_CB
256	@fadlizon @jokowi Itu akibat bebas visa yg diterapkan pemerintah dan dibebaskanya pintu2 msk ke negeri demi warga cina 	Non_CB
257	"@fadlizon @jokowi dijaga juga saking terhormat nya ada lho, Wakil ketua DPRD BALI, yang jadi PENGEDAR NARKOBA. itu teman bang @fadlizon di partai GERINDRA kan ya??? "	Non_CB
258	"@fadlizon @jokowi kekurangan personel dan peralatan. usul wajib militer aja biar punya banyak pasukan yang menjaga perbatasan, beli kapal dan pesawat yang banyak "	Non_CB
259	@fadlizon @jokowi Itu kan ketangkep bos...berarti penjaganya ada. Gmn bos ini… 	Non_CB
260	"@fadlizon @jokowi Pengertian leluasa kan berarti bebas tanpa kontrol,ini semua tertangkap bwrarti ada pengawasan ketat dan tdk berhasil diedarkan,anda ini wakil ketua DPR tp kok memahami bahasa indonesia yg baik dan benar saja tak mampu,sepertinya ponakan sy yg kelas 2 SD msh lbh pandai "	Non_CB
261	"@fadlizon @jokowi Maksudnya negeri Astinapura, bukan Indonesia kan pak? Kalo Indonesia, kemarin2 banyak yg ketangkep kok. Mungkin bapak aja yg ga nyimak, padahal udah rame jadi berita di tipi lho. "	Non_CB
262	"@fadlizon @jokowi Kira2 siapa pemodalnya? Apa mungkin nyari dana cepat buat jatohin JKW2019? Soalnya udh ketiga nih yg berton2 usaha masuk, gencar kali usahanya!! "	Non_CB
263	"@fadlizon @jokowi Kalo pemerintah ada buat rakyatnya, DPR yg gak ada buat rakyatnya... Betul apa betul guy's? "	Non_CB
264	"@fadlizon @jokowi Emang oposisi itu harus gitu y pak??kira2 bisa gak y oposisi itu kasih masukan buat gini lo,ini solusinya gitu,saya pikir rakyat pasti simpt "	Non_CB
265	@fadlizon Melanggar UU wajib ditangkap. Kenapa anda prihatin? 	Non_CB
266	@fadlizon @jokowi Lah kan ditangkap pak ?? 	Non_CB
267	"@evndari @fadlizon @jokowi Benar, tapi yang menimbulkan tanda tanya, mengapakah Menteri keuangan harus sidak barang sitaan ilegal ? Apa harus dihitung potensi perolehan uang yang sayang untuk dibuang? Saya rasa tidak masalah narkoba diperdagangkan asalkan bisa masuk pajak negara. "	Non_CB
268	@fadlizon @jokowi Assalamualaikum wahai penduduk NKRI bersatulah membangun negeri ikhlas menegakkan keadilan 	Non_CB
269	@fadlizon @jokowi Logikanya ditaruh mana pak ?  Karena digalakkan berantas narkoba makanya tu cukong pada KETANGKEP ! 	Non_CB
270	"@DPR_RI @fadlizon Iya bner .. Jgn hnya krna , mengejar pembangunan tp prcuma kan kalo hasil nya ancur sblm di pake "	Non_CB
271	@fadlizon @jokowi Itu sudah tertangkap sebelum beredar bagaimana? Bikin aja uu hukuman mati bagi koruptor 	Non_CB
272	"@fadlizon @jokowi Haduh si abang, ini hanya bisa mengkritik, cari solusi pembanding dong, buat masukan para pembangun negri, bukan saling cela dan menyalahkan, hanya unuk kepenting oposisi koalisi politik, ingat siapapun pemimpin RI, tetap kita awasi "	Non_CB
273	"@HirmanF @fadlizon @jokowi krn ada yang goreng anti kata revolusi dihubung2kan dgn komunis. padahal penggunaannya benar, revolusi = perubahan dalamm waktu singkat, kalau puluhan tahun, evolusi "	Non_CB
274	"Sayangnya banyak yang percaya dengan isu ini, terutama mereka yang menjadi partisipan @Gerindra dan @PKSejahtera . Benar kan, Mas @fadlizon dan Mas @Fahrihamzah ? "	Non_CB
275	@fadlizon @jokowi Pa Zono kemana yaa ...apakah undang2nya sudah memadahi ? Terus bagaimana sikap dewan yg terhormat atas pelaku yg sdh divonis mati belum di ekskusi ? 	Non_CB
276	"Kami Rakyat Negeri adalah Tuan dari Republik.. Saudara tentunya Masih Ingat, kan Bp @fadlizon?.. Presiden @jokowi Telah berkhidmat pada Kami secara Bertahap namun Pasti.. Saudara sudah Siap Menulis Laporan Pertanggung Jawaban pada Kami, Pak?. "	Non_CB
277	@fadlizon @jokowi Wakil rakyat yg cm bisa komentar begini ga mw dikritik oleh rakyat? Sebelum meminta utk tdk dihina/ dikritik oleh rakyat cb bapak sebagai wakil rakyat mencontohkan dl bagaimana mengkritik yg membangun? Bukan hanya menjatuhkan. 	Non_CB
278	@fadlizon @jokowi G usah koar2 ya..anda slaku wakil rakyat hrusnya mmberi yg lbh baik n bgi smngat pda kaporli untuk brantas smuanya… Tanpa kaporli/ tni negri ini akn hcur dgn para yg suka korup..!!! 	Non_CB
279	@fadlizon @jokowi Buatlah uu hukuman mati buat pengedar narkoba.uu saja kao gak mau buat yg bisa bwt bandar takut sekarang bilang tak bertuan.klo pres bwt aturan sndiri lo sewot 	Non_CB
280	"@fadlizon @jokowi Sepakat bang fadli zon,,,menurut sejumlah sumber,,sudah lama terpantau,,tp kok sekrang tertangkapnya kapal pembawa narkoba itu "	Non_CB
281	@fadlizon @jokowi Negara tak bertuan..?? .logikanya di mana. Trus yang tankap pelakunya siapa ya..? ..klau tak bertuan gak ketangkap pelakunya.. 	Non_CB
282	"@fadlizon @jokowi Adem ayem, seolah-olah hanya penyelundupan biasa, jadi teringat Strategi perang candu "	Non_CB
283	"@fadlizon @jokowi Secara fisik negara tak bertuan.  Secara mental pun tak bertuan.  Sehingga ideologi,  agama, paham,  bebas masuk.. Bahkan ada yang menyembah ideologi arab "	Non_CB
284	@fadlizon Mbok ya di doakan.. kok seneng bgt ada kejadian yg seperti ini 	Non_CB
285	@fadlizon @jokowi Salut kpd Tim bea cukai kkp dan Tni Al kita yg dngn giatnya menjaga keamanan laut Ind bkn cuma omgedo. 	Non_CB
286	"@fadlizon @jokowi Woi Zon, kalau gak ketangkap bener apa yg ente katakan itu "	Non_CB
287	"@fadlizon @jokowi Yg salah bkn pa jkw nya,tp karena peminat narkoba di indonesia bnyk tdk terkendali, revolusi mental sdh 4 thn  berjalan ngga ngefek...? "	Non_CB
288	"@fadlizon @KabarFZ mengusut penyebar hoax merupakan bagian tugas pokok kepolisian dlm menegakkan hukum, tantangan tersebut mampu ditaklukkan oleh kepolisian, sehingga memberikan efek jera bagi sipelaku guna meminimalisir perbuatan tersebut. "	Non_CB
289	"@fadlizon Ya kan polisi sdh punya UU ujaran kebencian, wajarlah orang penyebar hoax n fitnah ditangkap.jd inget kasus sperti tabloit obor rakyat yg dikomandanani  setiardi budiono..! Masak kasus sperti ini mau di diamkan.? ingatkan obor rakyat peliharaan siapa dan dibiayai siapa.! "	Non_CB
290	@evndari @fadlizon @jokowi namanya juga demokrasi ada pemerintahan ada oposisi sebagai penyeimbang sikapi dengan ya biasa sebagai bentuk keseimbangan ekosistem hihihi  	Non_CB
291	 @fadlizon @jokowi Apa kau mengatakan bahwa dirimu bukan tuan (Wakil Rakyat).?  Mr.@fadlizon yth seharusnya kau tidak perlu berkata seperti itu ke Presiden @jokowi karna kau adalah bagian dari pemerintahan sekarang. Bukan masyarakan biasa seperti Sy.! MERDEKA.!!! 	Non_CB
292	"@fadlizon @jokowi sepertinya ada ANGGOTA PARTAI yang ketangkep di BALI ya heheheee.....satu TELUNJUK menuju kedepan EMPAT telunjuk MENAMPAR diri sendiri persis MALING berteriak MALING, persis PENGADU DOMBA bernyanyi ADU DOMBA "	Non_CB
293	"@fadlizon @jokowi komentar Oposisi, akan selalu sperti itu dan selamanya akan begitu, sudah tidak kaget. "	Non_CB
294	" @fadlizon @jokowi Baru di jmn @jokowi banyak ketangkep. Karpet tempat persembunyian berhasil disingkap. DiLan... mari cintai negeri, lanjutkan perjuangan (menghajar narkoba)!! "	Non_CB
295	@fadlizon @jokowi Tapi berhasil digagalkan kan pak fadli zon. Nonton berita gak kemarin?. Hehehe 	Non_CB
296	"ya gpp dong,kalah menang itu biasa,yang penting kesatuan NKRI itu yg nomer 1  RT @kompascom: Fadli Zon: Orang-orang Takut Prabowo Maju Capres karena Khawatir Jokowi Kalah "	Non_CB
297	"Yang kyk gini nih, generasi penerus yang pas. Buat Fadli Zon atau Fahri Hamzah. Hhhhh "	Non_CB
298	@detikcom Prabowo dan Fadli Zon...itu baru capres cawapres popular ?? 	Non_CB
299	Ketika Fadli Zon dan Fachri Hamzah harus Menanggung semua hal yang dianggap Negatif di DPRRI  Seolah-olah Pemilik DPRRI hanya Fadli Zon dan Fachri Hamzah. Padahal Mayoritas Penduduk DPRRI adalah Pendukung Pemerintah!!  	Non_CB
300	@fadlizon @jokowi Salam 2 periode!! 	Non_CB
